Mon,Tue,Wed,Thu,Fri,Sat,Sun,lat,long,rad
0.285714286,0.869565217,0.4,0.939759036,0.578947368,1,1,40.45262,-79.94877,25
1,0.875,1,1,0.88,1,1,40.45262,-79.94877,25
1,1,1,1,1,1,1,40.45262,-79.94877,25
1,1,1,1,1,1,1,40.45262,-79.94877,25
1,1,1,1,1,1,1,40.45262,-79.94877,25
1,1,1,1,1,1,1,40.45262,-79.94877,25
1,1,1,1,1,1,1,40.45262,-79.94877,25
1,1,1,1,1,1,1,40.45262,-79.94877,25
1,1,1,1,1,1,1,40.45262,-79.94877,25
1,1,1,1,1,1,1,40.45262,-79.94877,25
1,1,1,1,1,1,1,40.45262,-79.94877,25
1,1,1,1,1,1,1,40.45262,-79.94877,25
1,1,1,1,1,1,1,40.45262,-79.94877,25
1,1,1,1,1,1,1,40.45262,-79.94877,25
1,1,1,1,1,1,1,40.45262,-79.94877,25
1,1,1,1,1,1,1,40.45262,-79.94877,25
1,1,1,1,1,1,1,40.45262,-79.94877,25
1,0.235294118,1,0,0.925925926,1,1,40.45262,-79.94877,25
1,0,0.827586207,0,1,1,1,40.45262,-79.94877,25
1,0,0.752941176,0,1,1,1,40.45262,-79.94877,25
1,0,1,0,0.891304348,1,1,40.45262,-79.94877,25
1,0,1,0,0.98245614,1,1,40.45262,-79.94877,25
1,0,0.759493671,0,1,1,1,40.45262,-79.94877,25
1,0,0.808988764,0,1,1,1,40.45262,-79.94877,25
0.28,0,0.864583333,0,0.927272727,1,1,40.45262,-79.94877,25
0.451612903,0,0.971014493,0,0.54,1,1,40.45262,-79.94877,25
0.479166667,0,0.939759036,0,0.189189189,0.782608696,1,40.45262,-79.94877,25
0.212121212,0,0.755102041,0,0,0.578125,1,40.45262,-79.94877,25
0.333333333,0,0.730769231,0,0.0425531915,0.8125,1,40.45262,-79.94877,25
0.465116279,0,0.741935484,0,0,0.68,1,40.45262,-79.94877,25
0.263157895,0.183098592,0.509090909,0.0588235294,0.176470588,0.6,0.416666667,40.45262,-79.94877,25
0.0357142857,0.1875,0.323529412,0.965517241,0.403225806,0.553191489,1,40.45262,-79.94877,25
0,0.12195122,0.4,1,0.452830189,0.391304348,1,40.45262,-79.94877,25
0,0,0.403225806,1,0.392156863,0.5,0,40.45262,-79.94877,25
0,0,0.75,0.833333333,0.422222222,1,0.0357142857,40.45262,-79.94877,25
0,0,0.621621622,0.639344262,0.5,1,0,40.45262,-79.94877,25
0,0,0.681818182,0.566666667,0,1,0.422222222,40.45262,-79.94877,25
0,0,0,0.566666667,0,1,0.573529412,40.45262,-79.94877,25
0,0,0,1,0.434782609,0.952380952,0.519230769,40.45262,-79.94877,25
0,0,0,1,1,1,0.526315789,40.45262,-79.94877,25
0.565217391,0,0,0.850574713,1,1,0.735294118,40.45262,-79.94877,25
0.382716049,0.0447761194,0.0845070423,0.741573034,1,1,1,40.45262,-79.94877,25
0,0.253521127,0.301587302,0.983050847,1,0.79245283,1,40.45262,-79.94877,25
0,0.422222222,0.2375,0.589041096,1,0.593220339,0,40.45262,-79.94877,25
0.857142857,0.470588235,0.317460317,0.603174603,1,0.813559322,0,40.45262,-79.94877,25
1,0.435483871,0.707865169,0.614035088,1,0.702702703,0.377777778,40.45262,-79.94877,25
0.928571429,0.36,0.711340206,0.71641791,1,1,0.5,40.45262,-79.94877,25
0.307692308,0.452830189,0.715789474,0.567567568,1,1,0.440677966,40.45262,-79.94877,25
0,0,0,0,0,0,0,40.45282,-79.94933,12
0,0,0,0,0,0,0,40.45282,-79.94933,12
0,0,0,0,0,0,0,40.45282,-79.94933,12
0,0,0,0,0,0,0,40.45282,-79.94933,12
0,0,0,0,0,0,0,40.45282,-79.94933,12
0,0,0,0,0,0,0,40.45282,-79.94933,12
0,0,0,0,0,0,0,40.45282,-79.94933,12
0,0,0,0,0,0,0,40.45282,-79.94933,12
0,0,0,0,0,0,0,40.45282,-79.94933,12
0,0,0,0,0,0,0,40.45282,-79.94933,12
0,0,0,0,0,0,0,40.45282,-79.94933,12
0,0,0,0,0,0,0,40.45282,-79.94933,12
0,0,0,0,0,0,0,40.45282,-79.94933,12
0,0,0,0,0,0,0,40.45282,-79.94933,12
0,0,0,0,0,0,0,40.45282,-79.94933,12
0,0,0,0,0,0,0,40.45282,-79.94933,12
0,0,0,0,0,0,0,40.45282,-79.94933,12
0,0,0,0,0,0,0,40.45282,-79.94933,12
0,0,0,0,0,0,0,40.45282,-79.94933,12
0,0,0,0,0,0,0,40.45282,-79.94933,12
0,0,0,0,0,0,0,40.45282,-79.94933,12
0,0,0,0,0,0,0,40.45282,-79.94933,12
0,0,0,0,0,0,0,40.45282,-79.94933,12
0,0,0,0,0,0,0,40.45282,-79.94933,12
0,0,0,0,0,0,0,40.45282,-79.94933,12
0,0,0,0,0,0,0,40.45282,-79.94933,12
0,0,0,0,0,0,0,40.45282,-79.94933,12
0,0,0,0,0,0,0,40.45282,-79.94933,12
0,0,0,0,0,0,0,40.45282,-79.94933,12
0,0,0,0,0,0,0,40.45282,-79.94933,12
0,0,0,0,0,0,0,40.45282,-79.94933,12
0,0,0,0,0,0,0,40.45282,-79.94933,12
0,0,0,0,0,0,0,40.45282,-79.94933,12
0,0,0,0,0,0,0,40.45282,-79.94933,12
0,0,0,0,0,0,0,40.45282,-79.94933,12
0,0,0,0,0,0,0,40.45282,-79.94933,12
0,0,0,0,0,0,0,40.45282,-79.94933,12
0,0,0,0,0,0,0,40.45282,-79.94933,12
0,0,0,0,0,0,0,40.45282,-79.94933,12
0,0,0,0,0,0,0,40.45282,-79.94933,12
0,0,0,0,0,0,0,40.45282,-79.94933,12
0,0,0,0,0,0,0,40.45282,-79.94933,12
0,0,0,0,0,0,0,40.45282,-79.94933,12
0,0,0.0125,0,0,0,0,40.45282,-79.94933,12
0,0,0,0,0,0,0,40.45282,-79.94933,12
0,0,0,0,0,0,0,40.45282,-79.94933,12
0,0,0,0,0,0,0,40.45282,-79.94933,12
0,0,0,0,0,0,0,40.45282,-79.94933,12
0,0,0.111111111,0,0,0,0,40.4519,-79.9516,30
0,0.0416666667,0,0,0.08,0,0,40.4519,-79.9516,30
0,0,0,0,0,0,0,40.4519,-79.9516,30
0,0,0,0,0,0,0,40.4519,-79.9516,30
0,0,0,0,0,0,0,40.4519,-79.9516,30
0,0,0,0,0,0,0,40.4519,-79.9516,30
0,0,0,0,0,0,0,40.4519,-79.9516,30
0,0,0,0,0,0,0,40.4519,-79.9516,30
0,0,0,0,0,0,0,40.4519,-79.9516,30
0,0,0,0,0,0,0,40.4519,-79.9516,30
0,0,0,0,0,0,0,40.4519,-79.9516,30
0,0,0,0,0,0,0,40.4519,-79.9516,30
0,0,0,0,0,0,0,40.4519,-79.9516,30
0,0,0,0,0,0,0,40.4519,-79.9516,30
0,0,0,0,0,0,0,40.4519,-79.9516,30
0,0,0,0,0,0,0,40.4519,-79.9516,30
0,0,0,0,0,0,0,40.4519,-79.9516,30
0,0,0,0,0,0,0,40.4519,-79.9516,30
0,0,0,0,0,0,0,40.4519,-79.9516,30
0,0,0,0,0,0,0,40.4519,-79.9516,30
0,0,0,0,0,0,0,40.4519,-79.9516,30
0,0,0,0,0,0,0,40.4519,-79.9516,30
0,0,0,0,0,0,0,40.4519,-79.9516,30
0,0,0,0,0,0,0,40.4519,-79.9516,30
0,0,0,0,0,0,0,40.4519,-79.9516,30
0,0,0,0,0,0,0,40.4519,-79.9516,30
0,0,0,0,0,0,0,40.4519,-79.9516,30
0,0,0,0,0,0,0,40.4519,-79.9516,30
0,0,0,0,0,0,0,40.4519,-79.9516,30
0,0,0,0,0,0,0,40.4519,-79.9516,30
0,0,0,0.117647059,0,0,0.5,40.4519,-79.9516,30
0,0,0,0,0,0,0,40.4519,-79.9516,30
0,0,0,0,0.113207547,0,0,40.4519,-79.9516,30
0,0,0,0,0,0.0588235294,0,40.4519,-79.9516,30
0,0,0,0,0,0,0,40.4519,-79.9516,30
0,0,0,0,0,0,0,40.4519,-79.9516,30
0,0,0,0,0,0,0,40.4519,-79.9516,30
0,0,0,0,0,0,0,40.4519,-79.9516,30
0,0,0,0,0,0.0476190476,0,40.4519,-79.9516,30
0,0,0,0,0,0,0,40.4519,-79.9516,30
0,0,0,0,0,0,0,40.4519,-79.9516,30
0,0,0,0,0,0,0,40.4519,-79.9516,30
0,0,0,0,0,0,0,40.4519,-79.9516,30
0,0,0.0375,0,0,0,0,40.4519,-79.9516,30
0,0,0.142857143,0,0,0,0,40.4519,-79.9516,30
0,0,0,0,0,0,0,40.4519,-79.9516,30
0,0,0,0,0,0,0.0192307692,40.4519,-79.9516,30
0,0,0,0,0,0,0,40.4519,-79.9516,30
0,0,0,0,0,0,0,40.45178,-79.95254,12
0,0,0,0,0,0,0,40.45178,-79.95254,12
0,0,0,0,0,0,0,40.45178,-79.95254,12
0,0,0,0,0,0,0,40.45178,-79.95254,12
0,0,0,0,0,0,0,40.45178,-79.95254,12
0,0,0,0,0,0,0,40.45178,-79.95254,12
0,0,0,0,0,0,0,40.45178,-79.95254,12
0,0,0,0,0,0,0,40.45178,-79.95254,12
0,0,0,0,0,0,0,40.45178,-79.95254,12
0,0,0,0,0,0,0,40.45178,-79.95254,12
0,0,0,0,0,0,0,40.45178,-79.95254,12
0,0,0,0,0,0,0,40.45178,-79.95254,12
0,0,0,0,0,0,0,40.45178,-79.95254,12
0,0,0,0,0,0,0,40.45178,-79.95254,12
0,0,0,0,0,0,0,40.45178,-79.95254,12
0,0,0,0,0,0,0,40.45178,-79.95254,12
0,0,0,0,0,0,0,40.45178,-79.95254,12
0,0,0,0,0,0,0,40.45178,-79.95254,12
0,0,0,0,0,0,0,40.45178,-79.95254,12
0,0,0,0,0,0,0,40.45178,-79.95254,12
0,0,0,0,0,0,0,40.45178,-79.95254,12
0,0,0,0,0,0,0,40.45178,-79.95254,12
0,0,0,0,0,0,0,40.45178,-79.95254,12
0,0,0,0,0,0,0,40.45178,-79.95254,12
0,0,0,0,0,0,0,40.45178,-79.95254,12
0,0,0,0,0,0,0,40.45178,-79.95254,12
0,0,0,0,0,0,0,40.45178,-79.95254,12
0,0,0,0,0,0,0,40.45178,-79.95254,12
0,0,0,0,0.0212765957,0,0,40.45178,-79.95254,12
0,0,0,0,0,0,0,40.45178,-79.95254,12
0,0,0,0.0588235294,0,0,0.0833333333,40.45178,-79.95254,12
0,0,0,0,0,0,0,40.45178,-79.95254,12
0,0,0,0,0.0188679245,0,0,40.45178,-79.95254,12
0,0,0,0,0,0.0294117647,0,40.45178,-79.95254,12
0,0,0,0,0,0,0,40.45178,-79.95254,12
0,0,0,0,0,0,0,40.45178,-79.95254,12
0,0,0,0,0,0,0,40.45178,-79.95254,12
0,0,0,0,0,0,0,40.45178,-79.95254,12
0,0,0,0,0,0,0,40.45178,-79.95254,12
0,0,0,0,0,0,0,40.45178,-79.95254,12
0.0434782609,0,0,0,0,0,0,40.45178,-79.95254,12
0,0,0,0,0,0,0,40.45178,-79.95254,12
0,0,0,0,0,0,0,40.45178,-79.95254,12
0,0,0,0,0,0,0,40.45178,-79.95254,12
0,0,0,0,0,0,0,40.45178,-79.95254,12
0,0,0.0112359551,0,0,0,0,40.45178,-79.95254,12
0,0,0,0,0,0,0,40.45178,-79.95254,12
0,0,0,0,0,0,0,40.45178,-79.95254,12
0,0,0,0,0,0,0,40.45187,-79.94909,15
0,0,0,0,0,0,0,40.45187,-79.94909,15
0,0,0,0,0,0,0,40.45187,-79.94909,15
0,0,0,0,0,0,0,40.45187,-79.94909,15
0,0,0,0,0,0,0,40.45187,-79.94909,15
0,0,0,0,0,0,0,40.45187,-79.94909,15
0,0,0,0,0,0,0,40.45187,-79.94909,15
0,0,0,0,0,0,0,40.45187,-79.94909,15
0,0,0,0,0,0,0,40.45187,-79.94909,15
0,0,0,0,0,0,0,40.45187,-79.94909,15
0,0,0,0,0,0,0,40.45187,-79.94909,15
0,0,0,0,0,0,0,40.45187,-79.94909,15
0,0,0,0,0,0,0,40.45187,-79.94909,15
0,0,0,0,0,0,0,40.45187,-79.94909,15
0,0,0,0,0,0,0,40.45187,-79.94909,15
0,0,0,0,0,0,0,40.45187,-79.94909,15
0,0,0,0,0,0,0,40.45187,-79.94909,15
0,0,0,0,0,0,0,40.45187,-79.94909,15
0,0,0,0,0,0,0,40.45187,-79.94909,15
0,0,0,0,0,0,0,40.45187,-79.94909,15
0,0,0,0,0,0,0,40.45187,-79.94909,15
0,0,0,0,0,0,0,40.45187,-79.94909,15
0,0,0,0,0,0,0,40.45187,-79.94909,15
0,0,0,0,0,0,0,40.45187,-79.94909,15
0,0,0,0,0,0,0,40.45187,-79.94909,15
0,0,0,0,0,0,0,40.45187,-79.94909,15
0,0,0,0,0,0,0,40.45187,-79.94909,15
0,0,0,0,0,0,0,40.45187,-79.94909,15
0,0,0,0,0.0212765957,0,0,40.45187,-79.94909,15
0,0,0,0,0.306666667,0,0,40.45187,-79.94909,15
0,0,0.0181818182,0,0.117647059,0,0,40.45187,-79.94909,15
0,0,0,0,0,0,0,40.45187,-79.94909,15
0,0,0,0,0,0,0,40.45187,-79.94909,15
0,0,0,0,0,0,0,40.45187,-79.94909,15
0,0,0,0,0,0,0,40.45187,-79.94909,15
0,0,0,0,0,0,0,40.45187,-79.94909,15
0,0,0,0,0,0,0,40.45187,-79.94909,15
0,0,0,0,0,0,0,40.45187,-79.94909,15
0,0,0,0,0,0,0,40.45187,-79.94909,15
0,0,0,0,0,0,0,40.45187,-79.94909,15
0,0,0,0,0,0,0,40.45187,-79.94909,15
0,0,0.014084507,0,0,0,0,40.45187,-79.94909,15
0,0,0,0,0,0.20754717,0,40.45187,-79.94909,15
0,0,0,0,0,0.406779661,0,40.45187,-79.94909,15
0,0,0,0,0,0.186440678,0,40.45187,-79.94909,15
0,0,0,0,0,0.297297297,0,40.45187,-79.94909,15
0,0,0,0,0,0,0,40.45187,-79.94909,15
0,0,0,0,0,0,0,40.45187,-79.94909,15
0,0,0,0,0.192982456,0,0,40.44343,-79.94202,80
0,0,0,0,0.02,0,0,40.44343,-79.94202,80
0,0,0,0,0,0,0,40.44343,-79.94202,80
0,0,0,0,0,0,0,40.44343,-79.94202,80
0,0,0,0,0,0,0,40.44343,-79.94202,80
0,0,0,0,0,0,0,40.44343,-79.94202,80
0,0,0,0,0,0,0,40.44343,-79.94202,80
0,0,0,0,0,0,0,40.44343,-79.94202,80
0,0,0,0,0,0,0,40.44343,-79.94202,80
0,0,0,0,0,0,0,40.44343,-79.94202,80
0,0,0,0,0,0,0,40.44343,-79.94202,80
0,0,0,0,0,0,0,40.44343,-79.94202,80
0,0,0,0,0,0,0,40.44343,-79.94202,80
0,0,0,0,0,0,0,40.44343,-79.94202,80
0,0,0,0,0,0,0,40.44343,-79.94202,80
0,0,0,0,0,0,0,40.44343,-79.94202,80
0,0,0,0,0,0,0,40.44343,-79.94202,80
0,0,0,0,0,0,0,40.44343,-79.94202,80
0,0,0,0,0,0,0,40.44343,-79.94202,80
0,0,0,0,0,0,0,40.44343,-79.94202,80
0,0,0,0,0,0,0,40.44343,-79.94202,80
0,0,0,0,0,0,0,40.44343,-79.94202,80
0,0,0,0,0,0,0,40.44343,-79.94202,80
0,0,0,0,0,0,0,40.44343,-79.94202,80
0,0,0,0,0,0,0,40.44343,-79.94202,80
0,0,0,0,0.44,0,0,40.44343,-79.94202,80
0,0,0.0240963855,0,0.621621622,0,0,40.44343,-79.94202,80
0,0,0.244897959,0,0,0,0,40.44343,-79.94202,80
0,0,0.269230769,0,0.085106383,0,0,40.44343,-79.94202,80
0,0,0.258064516,0,0,0,0,40.44343,-79.94202,80
0,0.225352113,0.454545455,0,0,0,0,40.44343,-79.94202,80
0,0.3,0.382352941,0.0344827586,0,0,0,40.44343,-79.94202,80
0,0.170731707,0.0615384615,0,0,0,0,40.44343,-79.94202,80
0,0,0.0161290323,0,0,0,0,40.44343,-79.94202,80
0,0,0,0,0,0,0,40.44343,-79.94202,80
0,0,0,0,0,0,0,40.44343,-79.94202,80
0,0,0,0,0,0,0,40.44343,-79.94202,80
0,0,0,0,0,0,0,40.44343,-79.94202,80
0,0,0,0,0,0,0,40.44343,-79.94202,80
0,0,0,0,0,0,0,40.44343,-79.94202,80
0,0,0.352941176,0,0,0,0,40.44343,-79.94202,80
0,0,0.338028169,0,0,0,0,40.44343,-79.94202,80
0,0,0.412698413,0,0,0,0,40.44343,-79.94202,80
0,0,0.35,0,0,0,0,40.44343,-79.94202,80
0,0,0.142857143,0,0,0,0,40.44343,-79.94202,80
0,0,0,0,0,0,0,40.44343,-79.94202,80
0,0,0,0,0,0,0,40.44343,-79.94202,80
0,0,0,0.027027027,0,0,0.0847457627,40.44343,-79.94202,80
0,0.0434782609,0,0,0,0,0,40.44353,-79.94461,50
0,0,0,0,0,0,0,40.44353,-79.94461,50
0,0,0,0,0,0,0,40.44353,-79.94461,50
0,0,0,0,0,0,0,40.44353,-79.94461,50
0,0,0,0,0,0,0,40.44353,-79.94461,50
0,0,0,0,0,0,0,40.44353,-79.94461,50
0,0,0,0,0,0,0,40.44353,-79.94461,50
0,0,0,0,0,0,0,40.44353,-79.94461,50
0,0,0,0,0,0,0,40.44353,-79.94461,50
0,0,0,0,0,0,0,40.44353,-79.94461,50
0,0,0,0,0,0,0,40.44353,-79.94461,50
0,0,0,0,0,0,0,40.44353,-79.94461,50
0,0,0,0,0,0,0,40.44353,-79.94461,50
0,0,0,0,0,0,0,40.44353,-79.94461,50
0,0,0,0,0,0,0,40.44353,-79.94461,50
0,0,0,0,0,0,0,40.44353,-79.94461,50
0,0,0,0,0,0,0,40.44353,-79.94461,50
0,0,0,0,0,0,0,40.44353,-79.94461,50
0,0,0,0,0,0,0,40.44353,-79.94461,50
0,0,0,0,0,0,0,40.44353,-79.94461,50
0,0,0,0,0,0,0,40.44353,-79.94461,50
0,0,0,0,0,0,0,40.44353,-79.94461,50
0,0,0,0,0,0,0,40.44353,-79.94461,50
0,0,0,0,0,0,0,40.44353,-79.94461,50
0.72,0,0,0.744186047,0,0,0,40.44353,-79.94461,50
0.548387097,0,0,1,0,0,0,40.44353,-79.94461,50
0.520833333,0,0,1,0.027027027,0,0,40.44353,-79.94461,50
0.454545455,0,0,0.025974026,0,0,0,40.44353,-79.94461,50
0,0,0,0,0.191489362,0,0,40.44353,-79.94461,50
0,0,0,0,0.32,0,0,40.44353,-79.94461,50
0,0,0.0181818182,0,0.0441176471,0,0,40.44353,-79.94461,50
0.464285714,0.1375,0.0294117647,0,0,0,0,40.44353,-79.94461,50
0.688311688,0.487804878,0.0153846154,0,0,0,0,40.44353,-79.94461,50
1,1,0,0,0,0,1,40.44353,-79.94461,50
0.876923077,1,0,0.166666667,0,0,0.964285714,40.44353,-79.94461,50
0.412698413,1,0,0.0491803279,0,0,1,40.44353,-79.94461,50
0,1,0,0,0,0,0.577777778,40.44353,-79.94461,50
0,1,0,0,0,0,0.426470588,40.44353,-79.94461,50
0,1,0,0,0,0,0.480769231,40.44353,-79.94461,50
0,1,0,0,0,0,0,40.44353,-79.94461,50
0,1,0,0,0,0,0,40.44353,-79.94461,50
0,0.820895522,0,0,0,0,0,40.44353,-79.94461,50
0,0.0704225352,0,0,0,0,0,40.44353,-79.94461,50
0,0,0,0,0,0,0,40.44353,-79.94461,50
0,0,0,0,0,0,0,40.44353,-79.94461,50
0,0,0,0,0,0,0,40.44353,-79.94461,50
0,0,0,0,0,0,0,40.44353,-79.94461,50
0,0,0,0,0,0,0,40.44353,-79.94461,50
0,0,0,0,0,0,0,40.44116,-79.94377,35
0,0,0,0,0.02,0,0,40.44116,-79.94377,35
0,0,0,0,0,0,0,40.44116,-79.94377,35
0,0,0,0,0,0,0,40.44116,-79.94377,35
0,0,0,0,0,0,0,40.44116,-79.94377,35
0,0,0,0,0,0,0,40.44116,-79.94377,35
0,0,0,0,0,0,0,40.44116,-79.94377,35
0,0,0,0,0,0,0,40.44116,-79.94377,35
0,0,0,0,0,0,0,40.44116,-79.94377,35
0,0,0,0,0,0,0,40.44116,-79.94377,35
0,0,0,0,0,0,0,40.44116,-79.94377,35
0,0,0,0,0,0,0,40.44116,-79.94377,35
0,0,0,0,0,0,0,40.44116,-79.94377,35
0,0,0,0,0,0,0,40.44116,-79.94377,35
0,0,0,0,0,0,0,40.44116,-79.94377,35
0,0,0,0,0,0,0,40.44116,-79.94377,35
0,0,0,0,0,0,0,40.44116,-79.94377,35
0,0.529411765,0,0,0,0,0,40.44116,-79.94377,35
0,0.130434783,0,0,0,0,0,40.44116,-79.94377,35
0,0,0,0,0,0,0,40.44116,-79.94377,35
0,0,0,0,0,0,0,40.44116,-79.94377,35
0,0,0,0,0,0,0,40.44116,-79.94377,35
0,0,0,0,0,0,0,40.44116,-79.94377,35
0,0.615384615,0,0.0163934426,0,0,0,40.44116,-79.94377,35
0,1,0,0,0,0,0,40.44116,-79.94377,35
0,1,0.0144927536,0,0,0,0,40.44116,-79.94377,35
0,0.634146341,0,0,0,0,0,40.44116,-79.94377,35
0.242424242,0.0102040816,0,0,0,0,0,40.44116,-79.94377,35
0.454545455,0,0,0,0,0,0,40.44116,-79.94377,35
0,0,0,0,0,0,0,40.44116,-79.94377,35
0,0.338028169,0,0,0,0,0,40.44116,-79.94377,35
0,0.1,0.264705882,0,0,0,0,40.44116,-79.94377,35
0,0,0.415384615,0,0,0,0,40.44116,-79.94377,35
0,0,0.370967742,0,0,0,0,40.44116,-79.94377,35
0,0,0,0,0,0,0,40.44116,-79.94377,35
0.174603175,0,0,0.31147541,0,0,0,40.44116,-79.94377,35
0.548387097,0,0.0909090909,0.433333333,0,0,0,40.44116,-79.94377,35
0,0,0,0.433333333,0.333333333,0,0,40.44116,-79.94377,35
0,0,0,0,0,0,0,40.44116,-79.94377,35
0,0,0,0,0,0,0.473684211,40.44116,-79.94377,35
0,0,0.294117647,0.0229885057,0,0,0.264705882,40.44116,-79.94377,35
0,0,0.225352113,0,0,0,0,40.44116,-79.94377,35
0,0,0,0.0169491525,0,0,0,40.44116,-79.94377,35
0,0,0,0,0,0,0,40.44116,-79.94377,35
0,0,0,0,0,0,0,40.44116,-79.94377,35
0,0,0,0,0,0,0,40.44116,-79.94377,35
0,0,0,0,0,0,0,40.44116,-79.94377,35
0,0,0,0,0,0,0,40.44116,-79.94377,35
0,0,0,0,0,0,0,40.44158,-79.94291,45
0,0,0,0,0,0,0,40.44158,-79.94291,45
0,0,0,0,0,0,0,40.44158,-79.94291,45
0,0,0,0,0,0,0,40.44158,-79.94291,45
0,0,0,0,0,0,0,40.44158,-79.94291,45
0,0,0,0,0,0,0,40.44158,-79.94291,45
0,0,0,0,0,0,0,40.44158,-79.94291,45
0,0,0,0,0,0,0,40.44158,-79.94291,45
0,0,0,0,0,0,0,40.44158,-79.94291,45
0,0,0,0,0,0,0,40.44158,-79.94291,45
0,0,0,0,0,0,0,40.44158,-79.94291,45
0,0,0,0,0,0,0,40.44158,-79.94291,45
0,0,0,0,0,0,0,40.44158,-79.94291,45
0,0,0,0,0,0,0,40.44158,-79.94291,45
0,0,0,0,0,0,0,40.44158,-79.94291,45
0,0,0,0,0,0,0,40.44158,-79.94291,45
0,0,0,0,0,0,0,40.44158,-79.94291,45
0,0.235294118,0,1,0,0,0,40.44158,-79.94291,45
0,0.869565217,0,1,0,0,0,40.44158,-79.94291,45
0,1,0,1,0,0,0,40.44158,-79.94291,45
0,1,0,1,0,0,0,40.44158,-79.94291,45
0,1,0,1,0,0,0,40.44158,-79.94291,45
0,1,0,1,0,0,0,40.44158,-79.94291,45
0,0.384615385,0,0.967213115,0,0,0,40.44158,-79.94291,45
0,0,0,0.0697674419,0,0,0,40.44158,-79.94291,45
0,0,0,0,0,0,0,40.44158,-79.94291,45
0,0,0,0,0,0.217391304,0,40.44158,-79.94291,45
0.0909090909,0,0,0,0,0.421875,0,40.44158,-79.94291,45
0,0,0,0,0,0.1875,0,40.44158,-79.94291,45
0,0,0,0.012345679,0,0.32,0,40.44158,-79.94291,45
0,0,0,0.205882353,0.264705882,0.4,0,40.44158,-79.94291,45
0,0,0,0,0.35483871,0.106382979,0,40.44158,-79.94291,45
0,0,0,0,0.41509434,0,0,40.44158,-79.94291,45
0,0,0,0,0.607843137,0,0,40.44158,-79.94291,45
0.123076923,0,0,0,0.577777778,0,0,40.44158,-79.94291,45
0.412698413,0,0,0,0,0,0,40.44158,-79.94291,45
0.451612903,0,0.0909090909,0,0,0,0,40.44158,-79.94291,45
1,0,1,0,0.666666667,0,0,40.44158,-79.94291,45
1,0,1,0,0.565217391,0,0,40.44158,-79.94291,45
1,0,1,0,0,0,0,40.44158,-79.94291,45
0.304347826,0,0.352941176,0,0,0,0,40.44158,-79.94291,45
0.296296296,0,0,0,0,0,0,40.44158,-79.94291,45
0.431818182,0,0,0,0,0,0,40.44158,-79.94291,45
0.694444444,0,0,0,0,0,0,40.44158,-79.94291,45
0,0,0,0,0,0,0,40.44158,-79.94291,45
0,0,0,0,0,0,0,40.44158,-79.94291,45
0,0,0,0,0,0,0,40.44158,-79.94291,45
0,0,0,0,0,0,0,40.44158,-79.94291,45
0,0,0.0222222222,0,0,0,0,40.44173,-79.94717,15
0,0,0,0,0,0,0,40.44173,-79.94717,15
0,0,0,0,0,0,0,40.44173,-79.94717,15
0,0,0,0,0,0,0,40.44173,-79.94717,15
0,0,0,0,0,0,0,40.44173,-79.94717,15
0,0,0,0,0,0,0,40.44173,-79.94717,15
0,0,0,0,0,0,0,40.44173,-79.94717,15
0,0,0,0,0,0,0,40.44173,-79.94717,15
0,0,0,0,0,0,0,40.44173,-79.94717,15
0,0,0,0,0,0,0,40.44173,-79.94717,15
0,0,0,0,0,0,0,40.44173,-79.94717,15
0,0,0,0,0,0,0,40.44173,-79.94717,15
0,0,0,0,0,0,0,40.44173,-79.94717,15
0,0,0,0,0,0,0,40.44173,-79.94717,15
0,0,0,0,0,0,0,40.44173,-79.94717,15
0,0,0,0,0,0,0,40.44173,-79.94717,15
0,0,0,0,0,0,0,40.44173,-79.94717,15
0,0,0,0,0,0,0,40.44173,-79.94717,15
0,0,0,0,0,0,0,40.44173,-79.94717,15
0,0,0,0,0,0,0,40.44173,-79.94717,15
0,0,0,0,0,0,0,40.44173,-79.94717,15
0,0,0,0,0,0,0,40.44173,-79.94717,15
0,0,0,0,0,0,0,40.44173,-79.94717,15
0,0,0,0,0,0,0,40.44173,-79.94717,15
0,0,0,0,0,0,0,40.44173,-79.94717,15
0,0,0,0,0,0,0,40.44173,-79.94717,15
0,0.0975609756,0,0,0,0,0,40.44173,-79.94717,15
0,0.989795918,0,0.974025974,0,0,0,40.44173,-79.94717,15
0,1,0,1,0,0,0,40.44173,-79.94717,15
0,1,0,0.987654321,0,0,0,40.44173,-79.94717,15
0,0,0,0,0,0,0,40.44173,-79.94717,15
0,0,0,0,0,0,0,40.44173,-79.94717,15
0,0,0,0,0,0,0,40.44173,-79.94717,15
0,0,0,0,0,0,0,40.44173,-79.94717,15
0,0,0,0,0,0,0,40.44173,-79.94717,15
0,0,0,0,0,0,0,40.44173,-79.94717,15
0,0,0,0,0,0,0,40.44173,-79.94717,15
0,0,0,0,0,0,0,40.44173,-79.94717,15
0,0,0,0,0,0,0,40.44173,-79.94717,15
0,0,0,0,0,0,0,40.44173,-79.94717,15
0,0,0,0,0,0,0,40.44173,-79.94717,15
0,0,0,0,0,0,0,40.44173,-79.94717,15
0,0,0,0,0,0,0,40.44173,-79.94717,15
0,0,0,0,0,0,0,40.44173,-79.94717,15
0,0,0,0,0,0,0,40.44173,-79.94717,15
0,0,0,0,0,0,0,40.44173,-79.94717,15
0,0,0,0,0,0,0,40.44173,-79.94717,15
0,0,0,0,0,0,0,40.44173,-79.94717,15
0,0,0,0,0,0,0,40.44244,-79.94665,50
0,0,0,0,0,0,0,40.44244,-79.94665,50
0,0,0,0,0,0,0,40.44244,-79.94665,50
0,0,0,0,0,0,0,40.44244,-79.94665,50
0,0,0,0,0,0,0,40.44244,-79.94665,50
0,0,0,0,0,0,0,40.44244,-79.94665,50
0,0,0,0,0,0,0,40.44244,-79.94665,50
0,0,0,0,0,0,0,40.44244,-79.94665,50
0,0,0,0,0,0,0,40.44244,-79.94665,50
0,0,0,0,0,0,0,40.44244,-79.94665,50
0,0,0,0,0,0,0,40.44244,-79.94665,50
0,0,0,0,0,0,0,40.44244,-79.94665,50
0,0,0,0,0,0,0,40.44244,-79.94665,50
0,0,0,0,0,0,0,40.44244,-79.94665,50
0,0,0,0,0,0,0,40.44244,-79.94665,50
0,0,0,0,0,0,0,40.44244,-79.94665,50
0,0,0,0,0,0,0,40.44244,-79.94665,50
0,0,0,0,0.0740740741,0,0,40.44244,-79.94665,50
0,0,0.172413793,0,0,0,0,40.44244,-79.94665,50
0,0,0.247058824,0,0,0,0,40.44244,-79.94665,50
0,0,0,0,0.108695652,0,0,40.44244,-79.94665,50
0,0,0,0,0.0175438596,0,0,40.44244,-79.94665,50
0,0,0.240506329,0,0,0,0,40.44244,-79.94665,50
0,0,0.191011236,0.0163934426,0,0,0,40.44244,-79.94665,50
0,0,0.135416667,0.186046512,0.0727272727,0,0,40.44244,-79.94665,50
0,0,0.0144927536,0,0.02,0,0,40.44244,-79.94665,50
0,0.0243902439,0,0,0.162162162,0,0,40.44244,-79.94665,50
0,0,0,0,0.625,0,0,40.44244,-79.94665,50
0.212121212,0,0,0,0.595744681,0,0,40.44244,-79.94665,50
0.534883721,0,0,0,0.373333333,0,0,40.44244,-79.94665,50
0.736842105,0,0,0,0.397058824,0,0,40.44244,-79.94665,50
0.5,0,0,0,0.241935484,0.340425532,0,40.44244,-79.94665,50
0.311688312,0,0.107692308,0,0,0.608695652,0,40.44244,-79.94665,50
0,0,0.209677419,0,0,0.411764706,0,40.44244,-79.94665,50
0,0,0.25,0,0,0,0,40.44244,-79.94665,50
0,0,0.378378378,0,0,0,0,40.44244,-79.94665,50
0,0,0.136363636,0,0,0,0,40.44244,-79.94665,50
0,0,0,0,0,0,0,40.44244,-79.94665,50
0,0,0,0,0,0,0,40.44244,-79.94665,50
0,0,0,0,0,0,0,40.44244,-79.94665,50
0,0,0,0,0,0,0,40.44244,-79.94665,50
0,0.104477612,0,0,0,0,0,40.44244,-79.94665,50
0,0.408450704,0,0,0,0,0,40.44244,-79.94665,50
0,0.0666666667,0,0,0,0,0,40.44244,-79.94665,50
0,0,0,0,0,0,0,40.44244,-79.94665,50
0,0,0,0,0,0,0,40.44244,-79.94665,50
0,0,0,0,0,0,0,40.44244,-79.94665,50
0,0,0,0,0,0,0,40.44244,-79.94665,50
0.714285714,0.0869565217,0.466666667,0.0602409639,0.228070175,0,0,40.44253,-79.94451,70
0,0.0833333333,0,0,0,0,0,40.44253,-79.94451,70
0,0,0,0,0,0,0,40.44253,-79.94451,70
0,0,0,0,0,0,0,40.44253,-79.94451,70
0,0,0,0,0,0,0,40.44253,-79.94451,70
0,0,0,0,0,0,0,40.44253,-79.94451,70
0,0,0,0,0,0,0,40.44253,-79.94451,70
0,0,0,0,0,0,0,40.44253,-79.94451,70
0,0,0,0,0,0,0,40.44253,-79.94451,70
0,0,0,0,0,0,0,40.44253,-79.94451,70
0,0,0,0,0,0,0,40.44253,-79.94451,70
0,0,0,0,0,0,0,40.44253,-79.94451,70
0,0,0,0,0,0,0,40.44253,-79.94451,70
0,0,0,0,0,0,0,40.44253,-79.94451,70
0,0,0,0,0,0,0,40.44253,-79.94451,70
0,0,0,0,0,0,0,40.44253,-79.94451,70
0,0,0,0,0,0,0,40.44253,-79.94451,70
0,0,0,0,0,0,0,40.44253,-79.94451,70
0,0,0,0,0,0,0,40.44253,-79.94451,70
0,0,0,0,0,0,0,40.44253,-79.94451,70
0,0,0,0,0,0,0,40.44253,-79.94451,70
0,0,0,0,0,0,0,40.44253,-79.94451,70
0,0,0,0,0,0,0,40.44253,-79.94451,70
0,0,0,0,0,0,0,40.44253,-79.94451,70
0,0,0,0,0,0,0,40.44253,-79.94451,70
0,0,0,0,0,0,0,40.44253,-79.94451,70
0,0,0,0,0,0,0,40.44253,-79.94451,70
0,0,0,0,0,0,0,40.44253,-79.94451,70
0,0,0,0,0,0,0,40.44253,-79.94451,70
0,0,0,0,0,0,0,40.44253,-79.94451,70
0,0,0,0.0294117647,0,0,0,40.44253,-79.94451,70
0,0,0,0,0,0,0,40.44253,-79.94451,70
0,0,0,0,0,0,0,40.44253,-79.94451,70
0,0,0,0,0,0,0,40.44253,-79.94451,70
0,0,0,0,0,0,0,40.44253,-79.94451,70
0,0,0,0,0.5,0,0,40.44253,-79.94451,70
0,0,0,0,0,0,0,40.44253,-79.94451,70
0,0,0,0,0,0,0,40.44253,-79.94451,70
0,0,0,0,0,0,0,40.44253,-79.94451,70
0,0,0,0,0,0,0,40.44253,-79.94451,70
0,0,0,0,0,0,0,40.44253,-79.94451,70
0,0,0,0,0,0,0,40.44253,-79.94451,70
0,0,0.206349206,0,0,0,0,40.44253,-79.94451,70
0.305555556,0.511111111,0.3625,0.410958904,0,0,1,40.44253,-79.94451,70
0.142857143,0.529411765,0.396825397,0.396825397,0,0,1,40.44253,-79.94451,70
0,0.564516129,0.280898876,0.385964912,0,0,0.622222222,40.44253,-79.94451,70
0.0714285714,0.64,0.288659794,0.28358209,0,0,0.480769231,40.44253,-79.94451,70
0.692307692,0.547169811,0.284210526,0.405405405,0,0,0.474576271,40.44253,-79.94451,70
0,0,0,0,0,0,0,40.44257,-79.93994,40
0,0,0,0,0,0,0,40.44257,-79.93994,40
0,0,0,0,0,0,0,40.44257,-79.93994,40
0,0,0,0,0,0,0,40.44257,-79.93994,40
0,0,0,0,0,0,0,40.44257,-79.93994,40
0,0,0,0,0,0,0,40.44257,-79.93994,40
0,0,0,0,0,0,0,40.44257,-79.93994,40
0,0,0,0,0,0,0,40.44257,-79.93994,40
0,0,0,0,0,0,0,40.44257,-79.93994,40
0,0,0,0,0,0,0,40.44257,-79.93994,40
0,0,0,0,0,0,0,40.44257,-79.93994,40
0,0,0,0,0,0,0,40.44257,-79.93994,40
0,0,0,0,0,0,0,40.44257,-79.93994,40
0,0,0,0,0,0,0,40.44257,-79.93994,40
0,0,0,0,0,0,0,40.44257,-79.93994,40
0,0,0,0,0,0,0,40.44257,-79.93994,40
0,0,0,0,0,0,0,40.44257,-79.93994,40
0,0,0,0,0,0,0,40.44257,-79.93994,40
0,0,0,0,0,0,0,40.44257,-79.93994,40
0,0,0,0,0,0,0,40.44257,-79.93994,40
0,0,0,0,0,0,0,40.44257,-79.93994,40
0,0,0,0,0,0,0,40.44257,-79.93994,40
0,0,0,0,0,0,0,40.44257,-79.93994,40
0,0,0,0,0,0,0,40.44257,-79.93994,40
0,0,0,0,0,0,0,40.44257,-79.93994,40
0,0,0,0,0,0,0,40.44257,-79.93994,40
0,0.243902439,0.0361445783,0,0,0,0,40.44257,-79.93994,40
0,0,0,0,0.375,0,0,40.44257,-79.93994,40
0,0,0,0,0.0425531915,0,0,40.44257,-79.93994,40
0,0,0,0,0,0,0,40.44257,-79.93994,40
0,0.253521127,0,0.529411765,0,0,0,40.44257,-79.93994,40
0,0.275,0,0,0,0,0,40.44257,-79.93994,40
0,0.219512195,0,0,0,0,0,40.44257,-79.93994,40
0,0,0,0,0,0,0,40.44257,-79.93994,40
0,0,0,0,0,0,0,40.44257,-79.93994,40
0,0,0,0,0,0,0,40.44257,-79.93994,40
0,0,0,0,0,0,0,40.44257,-79.93994,40
0,0,0,0,0,0,0,40.44257,-79.93994,40
0,0,0,0,0,0,0,40.44257,-79.93994,40
0,0,0,0,0,0,0,40.44257,-79.93994,40
0.0869565217,0,0,0.126436782,0,0,0,40.44257,-79.93994,40
0.320987654,0.0298507463,0.338028169,0.258426966,0,0,0,40.44257,-79.93994,40
0.568181818,0.267605634,0.0793650794,0,0,0,0,40.44257,-79.93994,40
0,0,0,0,0,0,0,40.44257,-79.93994,40
0,0,0,0,0,0,0,40.44257,-79.93994,40
0,0,0,0,0,0,0,40.44257,-79.93994,40
0,0,0,0,0,0,0,40.44257,-79.93994,40
0,0,0,0,0,0,0,40.44257,-79.93994,40
